/gameId,/role,/season,/platformId,/champion,/queue,/lane,/timestamp
4.462222566E9,"SOLO",13.0,"EUW1",875.0,420.0,"TOP",1.584537006273E12
4.462098037E9,"SOLO",13.0,"EUW1",98.0,420.0,"TOP",1.584535164153E12
4.461517988E9,"DUO",13.0,"EUW1",98.0,420.0,"MID",1.584524192516E12
4.461506184E9,"DUO_SUPPORT",13.0,"EUW1",98.0,420.0,"NONE",1.584522560328E12
4.461524423E9,"SOLO",13.0,"EUW1",122.0,420.0,"TOP",1.584520208615E12
4.460717208E9,"SOLO",13.0,"EUW1",245.0,420.0,"TOP",1.584473395872E12
4.460781281E9,"DUO",13.0,"EUW1",98.0,400.0,"NONE",1.584472100323E12
4.459554348E9,"SOLO",13.0,"EUW1",122.0,400.0,"TOP",1.584442562383E12
4.459426515E9,"SOLO",13.0,"EUW1",875.0,420.0,"TOP",1.584437083614E12
4.45942369E9,"NONE",13.0,"EUW1",154.0,420.0,"JUNGLE",1.584434404685E12
4.458367153E9,"SOLO",13.0,"EUW1",14.0,420.0,"TOP",1.584377280021E12
4.458370809E9,"SOLO",13.0,"EUW1",68.0,420.0,"TOP",1.584375380649E12
4.458303897E9,"NONE",13.0,"EUW1",114.0,420.0,"JUNGLE",1.584373444775E12
4.458167432E9,"DUO",13.0,"EUW1",68.0,420.0,"TOP",1.584371333951E12
4.457347774E9,"NONE",13.0,"EUW1",245.0,420.0,"JUNGLE",1.584344439523E12
4.45737628E9,"SOLO",13.0,"EUW1",164.0,420.0,"TOP",1.584342645914E12
4.457064087E9,"SOLO",13.0,"EUW1",86.0,420.0,"TOP",1.584311573294E12
4.45698722E9,"SOLO",13.0,"EUW1",54.0,420.0,"TOP",1.584309554035E12
4.456919448E9,"SOLO",13.0,"EUW1",516.0,420.0,"TOP",1.584307547904E12
4.456387753E9,"SOLO",13.0,"EUW1",13.0,420.0,"TOP",1.584291698119E12
4.455439609E9,"SOLO",13.0,"EUW1",114.0,420.0,"TOP",1.584274183254E12
4.455487259E9,"DUO",13.0,"EUW1",14.0,420.0,"NONE",1.584273439786E12
4.455473672E9,"DUO_SUPPORT",13.0,"EUW1",98.0,420.0,"NONE",1.584271922421E12
4.455424156E9,"SOLO",13.0,"EUW1",14.0,420.0,"TOP",1.584267691996E12
4.454663256E9,"SOLO",13.0,"EUW1",98.0,700.0,"TOP",1.584216402339E12
4.453405028E9,"SOLO",13.0,"EUW1",14.0,420.0,"TOP",1.584184359546E12
4.453391196E9,"SOLO",13.0,"EUW1",98.0,420.0,"TOP",1.584182427326E12
4.453355091E9,"DUO",13.0,"EUW1",98.0,420.0,"TOP",1.5841788892E12
4.453294771E9,"DUO",13.0,"EUW1",98.0,420.0,"NONE",1.584178228938E12
4.453301029E9,"SOLO",13.0,"EUW1",98.0,420.0,"TOP",1.584174606005E12
4.452944197E9,"DUO_CARRY",13.0,"EUW1",44.0,420.0,"BOTTOM",1.584139006337E12
4.452826456E9,"DUO_CARRY",13.0,"EUW1",98.0,420.0,"TOP",1.584136539591E12
4.452412487E9,"SOLO",13.0,"EUW1",14.0,420.0,"TOP",1.584119814147E12
4.452326495E9,"SOLO",13.0,"EUW1",14.0,420.0,"TOP",1.584117790971E12
4.452294983E9,"DUO",13.0,"EUW1",14.0,420.0,"NONE",1.584117246499E12
4.451879973E9,"SOLO",13.0,"EUW1",98.0,420.0,"TOP",1.584097289442E12
4.451836744E9,"DUO_CARRY",13.0,"EUW1",81.0,420.0,"BOTTOM",1.584094865805E12
4.45027997E9,"NONE",13.0,"EUW1",32.0,420.0,"JUNGLE",1.584014079059E12
4.449650443E9,"NONE",13.0,"EUW1",114.0,420.0,"JUNGLE",1.583955721489E12
4.449632906E9,"DUO",13.0,"EUW1",44.0,420.0,"TOP",1.58395308529E12
4.449517386E9,"SOLO",13.0,"EUW1",44.0,420.0,"TOP",1.583951049094E12
4.449503876E9,"DUO_SUPPORT",13.0,"EUW1",44.0,420.0,"NONE",1.583949731121E12
4.447961528E9,"SOLO",13.0,"EUW1",875.0,420.0,"TOP",1.583863934677E12
4.447875746E9,"SOLO",13.0,"EUW1",245.0,420.0,"TOP",1.583861835135E12
4.447473234E9,"DUO",13.0,"EUW1",98.0,420.0,"BOTTOM",1.583830558478E12
4.44747193E9,"SOLO",13.0,"EUW1",98.0,420.0,"TOP",1.583828382394E12
4.447421023E9,"SOLO",13.0,"EUW1",14.0,420.0,"TOP",1.58382393808E12
4.447134968E9,"SOLO",13.0,"EUW1",14.0,420.0,"MID",1.583788970198E12
4.447090474E9,"SOLO",13.0,"EUW1",114.0,420.0,"TOP",1.583787174362E12
4.446940185E9,"SOLO",13.0,"EUW1",54.0,420.0,"TOP",1.583784094541E12
4.446902954E9,"SOLO",13.0,"EUW1",114.0,420.0,"TOP",1.583781636492E12
4.446828003E9,"SOLO",13.0,"EUW1",114.0,420.0,"TOP",1.583779981116E12
4.446851492E9,"SOLO",13.0,"EUW1",517.0,420.0,"TOP",1.583777855474E12
4.446786311E9,"SOLO",13.0,"EUW1",517.0,420.0,"TOP",1.583776067962E12
4.446231139E9,"DUO_SUPPORT",13.0,"EUW1",114.0,420.0,"NONE",1.583764874836E12
4.446031098E9,"SOLO",13.0,"EUW1",131.0,420.0,"TOP",1.58375055608E12
4.445918608E9,"SOLO",13.0,"EUW1",98.0,420.0,"TOP",1.583747700784E12
4.445897529E9,"SOLO",13.0,"EUW1",114.0,420.0,"TOP",1.583745767776E12
4.445541877E9,"SOLO",13.0,"EUW1",114.0,420.0,"TOP",1.58370038817E12
4.445507214E9,"DUO_SUPPORT",13.0,"EUW1",114.0,420.0,"NONE",1.583698974257E12
4.445415569E9,"SOLO",13.0,"EUW1",14.0,420.0,"TOP",1.583695248639E12
4.445360642E9,"SOLO",13.0,"EUW1",114.0,420.0,"TOP",1.583693453836E12
4.444706229E9,"SOLO",13.0,"EUW1",13.0,420.0,"TOP",1.58366644566E12
4.444544627E9,"SOLO",13.0,"EUW1",114.0,420.0,"MID",1.583656802415E12
4.444216588E9,"SOLO",13.0,"EUW1",114.0,420.0,"TOP",1.583619385179E12
4.444179153E9,"DUO",13.0,"EUW1",245.0,420.0,"MID",1.583617082724E12
4.443630402E9,"DUO",13.0,"EUW1",266.0,420.0,"NONE",1.583609938763E12
4.44354658E9,"DUO_CARRY",13.0,"EUW1",202.0,420.0,"BOTTOM",1.583604694248E12
4.443521126E9,"SOLO",13.0,"EUW1",14.0,420.0,"TOP",1.583602376012E12
4.443406431E9,"SOLO",13.0,"EUW1",157.0,420.0,"MID",1.583600437167E12
4.442978835E9,"SOLO",13.0,"EUW1",80.0,420.0,"TOP",1.58358118507E12
4.443007176E9,"DUO",13.0,"EUW1",13.0,420.0,"NONE",1.583580581432E12
4.442942983E9,"SOLO",13.0,"EUW1",555.0,420.0,"TOP",1.583577736405E12
4.442909658E9,"DUO",13.0,"EUW1",80.0,420.0,"MID",1.583576004795E12
4.442876789E9,"SOLO",13.0,"EUW1",245.0,420.0,"TOP",1.583573632587E12
4.442854874E9,"SOLO",13.0,"EUW1",245.0,420.0,"TOP",1.583571606269E12
4.439589399E9,"DUO",13.0,"EUW1",91.0,420.0,"NONE",1.583349208861E12
4.437865724E9,"DUO",13.0,"EUW1",98.0,420.0,"MID",1.583254297481E12
4.437788487E9,"SOLO",13.0,"EUW1",157.0,420.0,"TOP",1.583251583834E12
4.435474755E9,"SOLO",13.0,"EUW1",114.0,420.0,"TOP",1.583091060742E12
4.424598169E9,"SOLO",13.0,"EUW1",157.0,420.0,"TOP",1.582464621089E12
4.424572137E9,"SOLO",13.0,"EUW1",114.0,420.0,"TOP",1.582462334352E12
4.423406263E9,"SOLO",13.0,"EUW1",67.0,400.0,"TOP",1.582383174683E12
4.423309845E9,"SOLO",13.0,"EUW1",58.0,400.0,"TOP",1.582380951975E12
4.423302048E9,"SOLO",13.0,"EUW1",106.0,400.0,"TOP",1.582378046036E12
4.423236517E9,"NONE",13.0,"EUW1",14.0,400.0,"JUNGLE",1.582375967881E12
4.422221782E9,"SOLO",13.0,"EUW1",114.0,420.0,"TOP",1.582310986377E12
4.42073631E9,"SOLO",13.0,"EUW1",114.0,420.0,"TOP",1.582218645578E12
4.420742148E9,"SOLO",13.0,"EUW1",83.0,420.0,"TOP",1.582216843219E12
4.417472903E9,"DUO",13.0,"EUW1",875.0,420.0,"TOP",1.582030224652E12
4.413429504E9,"NONE",13.0,"EUW1",20.0,420.0,"JUNGLE",1.581789659673E12
4.413473104E9,"NONE",13.0,"EUW1",20.0,420.0,"JUNGLE",1.581787593301E12
4.413210459E9,"NONE",13.0,"EUW1",154.0,420.0,"JUNGLE",1.581775798063E12
4.413085802E9,"NONE",13.0,"EUW1",245.0,420.0,"JUNGLE",1.581773796999E12
4.412898134E9,"NONE",13.0,"EUW1",245.0,420.0,"JUNGLE",1.581765555384E12
4.412675272E9,"SOLO",13.0,"EUW1",114.0,420.0,"TOP",1.581725876754E12
4.412481849E9,"NONE",13.0,"EUW1",245.0,420.0,"JUNGLE",1.581716218881E12
4.41235523E9,"NONE",13.0,"EUW1",245.0,420.0,"JUNGLE",1.581713628555E12
4.412330899E9,"NONE",13.0,"EUW1",59.0,420.0,"JUNGLE",1.581711888497E12
4.41223784E9,"NONE",13.0,"EUW1",20.0,420.0,"JUNGLE",1.58170726727E12
4.445831986E9,"SOLO",13.0,"EUW1",245.0,400.0,"MID",1.583715404844E12
4.445750116E9,"SOLO",13.0,"EUW1",51.0,400.0,"TOP",1.583713539212E12
4.44278323E9,"DUO",13.0,"EUW1",75.0,450.0,"NONE",1.583548188124E12
4.439333738E9,"DUO",13.0,"EUW1",13.0,450.0,"NONE",1.583338794367E12
4.433412648E9,"DUO_SUPPORT",13.0,"EUW1",8.0,450.0,"NONE",1.582991057026E12
4.432779766E9,"DUO_SUPPORT",13.0,"EUW1",238.0,450.0,"NONE",1.582938962838E12
4.432826067E9,"DUO",13.0,"EUW1",41.0,450.0,"BOTTOM",1.58293702211E12
4.432823851E9,"DUO_SUPPORT",13.0,"EUW1",266.0,450.0,"NONE",1.582935593085E12
4.432792615E9,"DUO_SUPPORT",13.0,"EUW1",3.0,450.0,"NONE",1.582934472415E12
4.43278076E9,"DUO_SUPPORT",13.0,"EUW1",38.0,450.0,"NONE",1.582933452321E12
4.432718245E9,"DUO_SUPPORT",13.0,"EUW1",5.0,450.0,"NONE",1.582932368971E12
4.432020004E9,"DUO_SUPPORT",13.0,"EUW1",141.0,450.0,"NONE",1.582901775361E12
4.431948858E9,"DUO_SUPPORT",13.0,"EUW1",38.0,450.0,"NONE",1.582900607918E12
4.431946346E9,"DUO",13.0,"EUW1",145.0,450.0,"NONE",1.582899388102E12
4.431400154E9,"DUO",13.0,"EUW1",110.0,450.0,"TOP",1.582857292424E12
4.431289745E9,"DUO",13.0,"EUW1",523.0,450.0,"TOP",1.582854767837E12
4.431285092E9,"DUO",13.0,"EUW1",145.0,450.0,"NONE",1.582849860634E12
4.431322232E9,"DUO_SUPPORT",13.0,"EUW1",85.0,450.0,"BOTTOM",1.582848102428E12
4.431219284E9,"DUO_SUPPORT",13.0,"EUW1",13.0,450.0,"NONE",1.582846792054E12
4.431172406E9,"DUO",13.0,"EUW1",236.0,400.0,"TOP",1.582843369914E12
4.431076044E9,"DUO",13.0,"EUW1",236.0,400.0,"MID",1.582840866192E12
4.430176395E9,"DUO_SUPPORT",13.0,"EUW1",99.0,450.0,"NONE",1.582769015569E12
4.430135477E9,"DUO_SUPPORT",13.0,"EUW1",498.0,450.0,"TOP",1.582767273544E12
4.430154304E9,"DUO_SUPPORT",13.0,"EUW1",42.0,450.0,"NONE",1.582765996096E12
4.430122339E9,"DUO",13.0,"EUW1",523.0,450.0,"MID",1.582764211056E12
4.43010051E9,"DUO_SUPPORT",13.0,"EUW1",18.0,450.0,"TOP",1.582762480681E12
4.430067811E9,"DUO_SUPPORT",13.0,"EUW1",236.0,450.0,"NONE",1.582761087493E12
4.428559151E9,"DUO",13.0,"EUW1",69.0,450.0,"MID",1.582677831882E12
4.42859648E9,"SOLO",13.0,"EUW1",3.0,450.0,"TOP",1.582676392707E12
4.428613283E9,"DUO",13.0,"EUW1",112.0,450.0,"MID",1.582674574692E12
4.428530328E9,"DUO_SUPPORT",13.0,"EUW1",110.0,450.0,"NONE",1.582672825648E12
4.428507273E9,"DUO_SUPPORT",13.0,"EUW1",45.0,450.0,"NONE",1.582671304658E12
4.427807979E9,"SOLO",13.0,"EUW1",236.0,400.0,"MID",1.582644169402E12
4.427764562E9,"DUO_SUPPORT",13.0,"EUW1",222.0,400.0,"NONE",1.582642626758E12
4.42639263E9,"DUO_SUPPORT",13.0,"EUW1",18.0,450.0,"NONE",1.582558042655E12
4.424736973E9,"DUO_SUPPORT",13.0,"EUW1",246.0,450.0,"NONE",1.582470820741E12
4.422239415E9,"SOLO",13.0,"EUW1",69.0,400.0,"MID",1.582313789232E12
4.421894005E9,"DUO",13.0,"EUW1",222.0,450.0,"MID",1.582295246086E12
4.421851634E9,"DUO_SUPPORT",13.0,"EUW1",141.0,450.0,"NONE",1.582294063E12
4.421136127E9,"DUO",13.0,"EUW1",54.0,450.0,"BOTTOM",1.582252997892E12
4.421214174E9,"DUO_CARRY",13.0,"EUW1",523.0,420.0,"BOTTOM",1.582250139523E12
4.420892036E9,"DUO_SUPPORT",13.0,"EUW1",8.0,450.0,"NONE",1.582224976851E12
4.420807836E9,"DUO",13.0,"EUW1",42.0,450.0,"TOP",1.582223301531E12
4.41986215E9,"SOLO",13.0,"EUW1",119.0,450.0,"TOP",1.58215810531E12
4.4197702E9,"DUO_SUPPORT",13.0,"EUW1",25.0,450.0,"NONE",1.582156442978E12
4.419753683E9,"DUO",13.0,"EUW1",119.0,450.0,"NONE",1.582152385059E12
4.419699544E9,"DUO_SUPPORT",13.0,"EUW1",266.0,450.0,"NONE",1.582150703391E12
4.419676582E9,"DUO_SUPPORT",13.0,"EUW1",127.0,450.0,"NONE",1.582149406525E12
4.419622168E9,"DUO",13.0,"EUW1",15.0,450.0,"TOP",1.582146922018E12
4.419575358E9,"DUO",13.0,"EUW1",222.0,450.0,"NONE",1.582145091948E12
4.418639838E9,"DUO_SUPPORT",13.0,"EUW1",21.0,420.0,"NONE",1.582072730127E12
4.418666104E9,"NONE",13.0,"EUW1",42.0,900.0,"JUNGLE",1.58207093356E12
4.418672971E9,"SOLO",13.0,"EUW1",517.0,900.0,"MID",1.58206903909E12
4.418560452E9,"DUO_CARRY",13.0,"EUW1",32.0,900.0,"TOP",1.582067442675E12
4.418605194E9,"DUO_CARRY",13.0,"EUW1",115.0,900.0,"BOTTOM",1.582065569106E12
4.418458266E9,"DUO_CARRY",13.0,"EUW1",51.0,420.0,"BOTTOM",1.582062313193E12
4.418452304E9,"DUO_SUPPORT",13.0,"EUW1",21.0,420.0,"NONE",1.582060273387E12
4.418394639E9,"SOLO",13.0,"EUW1",112.0,900.0,"MID",1.582058125873E12
4.417721835E9,"DUO_CARRY",13.0,"EUW1",498.0,420.0,"BOTTOM",1.582035252578E12
4.417407581E9,"DUO_CARRY",13.0,"EUW1",523.0,420.0,"BOTTOM",1.582032248339E12
4.417434571E9,"DUO_SUPPORT",13.0,"EUW1",68.0,900.0,"NONE",1.582030718998E12
4.417099624E9,"DUO_CARRY",13.0,"EUW1",21.0,420.0,"BOTTOM",1.58198465306E12
4.417047408E9,"DUO_CARRY",13.0,"EUW1",51.0,420.0,"BOTTOM",1.581982199718E12
4.416929653E9,"DUO_CARRY",13.0,"EUW1",523.0,420.0,"BOTTOM",1.581978172137E12
4.416941795E9,"DUO_CARRY",13.0,"EUW1",74.0,420.0,"BOTTOM",1.581975618835E12
4.416688454E9,"DUO_CARRY",13.0,"EUW1",51.0,420.0,"BOTTOM",1.581968531565E12
4.415291049E9,"DUO_SUPPORT",13.0,"EUW1",64.0,900.0,"NONE",1.581872859845E12
4.415139485E9,"DUO_SUPPORT",13.0,"EUW1",245.0,900.0,"NONE",1.581871899888E12
4.415154952E9,"DUO",13.0,"EUW1",17.0,900.0,"NONE",1.581870803456E12
4.415171711E9,"DUO_SUPPORT",13.0,"EUW1",42.0,900.0,"NONE",1.581869881423E12
4.415066324E9,"DUO",13.0,"EUW1",142.0,900.0,"TOP",1.581868180499E12
4.415062031E9,"DUO_SUPPORT",13.0,"EUW1",96.0,900.0,"NONE",1.581866823607E12
4.414950955E9,"DUO_CARRY",13.0,"EUW1",51.0,420.0,"BOTTOM",1.581863069448E12
4.414903783E9,"DUO_CARRY",13.0,"EUW1",22.0,420.0,"BOTTOM",1.581860954242E12
4.414663975E9,"DUO_CARRY",13.0,"EUW1",21.0,420.0,"BOTTOM",1.581857124731E12
4.41434947E9,"DUO_CARRY",13.0,"EUW1",51.0,420.0,"BOTTOM",1.581854675204E12
4.414287414E9,"DUO_SUPPORT",13.0,"EUW1",67.0,900.0,"NONE",1.581848958696E12
4.413300655E9,"DUO_CARRY",13.0,"EUW1",51.0,420.0,"BOTTOM",1.581779547769E12
4.413190643E9,"DUO",13.0,"EUW1",22.0,420.0,"MID",1.581775845568E12
4.413087594E9,"DUO",13.0,"EUW1",202.0,900.0,"NONE",1.581774382468E12
4.411764425E9,"DUO_CARRY",13.0,"EUW1",21.0,420.0,"BOTTOM",1.58169295066E12
4.411449026E9,"DUO",13.0,"EUW1",498.0,420.0,"MID",1.581690393388E12
4.411485721E9,"DUO_SUPPORT",13.0,"EUW1",498.0,900.0,"NONE",1.581688887558E12
4.411138131E9,"DUO_CARRY",13.0,"EUW1",523.0,420.0,"BOTTOM",1.581642040516E12
4.411145747E9,"DUO_SUPPORT",13.0,"EUW1",235.0,420.0,"TOP",1.581640161861E12
4.411112342E9,"DUO_CARRY",13.0,"EUW1",74.0,420.0,"BOTTOM",1.581637516752E12
4.410988237E9,"DUO_CARRY",13.0,"EUW1",523.0,420.0,"BOTTOM",1.581635024782E12
4.411003827E9,"DUO_CARRY",13.0,"EUW1",523.0,420.0,"BOTTOM",1.581633094408E12
4.410553638E9,"DUO",13.0,"EUW1",134.0,900.0,"NONE",1.581615970834E12
4.410509925E9,"DUO",13.0,"EUW1",67.0,900.0,"NONE",1.581614736541E12
4.410467441E9,"DUO_SUPPORT",13.0,"EUW1",69.0,900.0,"NONE",1.581613676113E12
4.410463788E9,"DUO_SUPPORT",13.0,"EUW1",17.0,900.0,"NONE",1.581612268037E12
4.410388783E9,"NONE",13.0,"EUW1",35.0,900.0,"JUNGLE",1.581610374269E12
4.410248563E9,"DUO_CARRY",13.0,"EUW1",51.0,420.0,"BOTTOM",1.58160103209E12
4.41021582E9,"DUO_SUPPORT",13.0,"EUW1",67.0,900.0,"NONE",1.581599092399E12
4.409830395E9,"DUO",13.0,"EUW1",141.0,900.0,"MID",1.581551323417E12
4.409725078E9,"DUO_CARRY",13.0,"EUW1",51.0,420.0,"BOTTOM",1.581544338195E12
4.409541603E9,"DUO_CARRY",13.0,"EUW1",51.0,420.0,"BOTTOM",1.58153690572E12
4.409506653E9,"DUO_SUPPORT",13.0,"EUW1",498.0,420.0,"NONE",1.581535425979E12
4.409389577E9,"DUO_CARRY",13.0,"EUW1",498.0,420.0,"BOTTOM",1.581533003057E12
4.46228489E9,"DUO_CARRY",13.0,"EUW1",81.0,420.0,"BOTTOM",1.584541511504E12
4.45832699E9,"DUO",13.0,"EUW1",429.0,420.0,"NONE",1.584376961409E12
4.458288963E9,"NONE",13.0,"EUW1",145.0,420.0,"JUNGLE",1.584374912368E12
4.458254175E9,"DUO_SUPPORT",13.0,"EUW1",429.0,420.0,"NONE",1.584373258088E12
4.457759563E9,"DUO_CARRY",13.0,"EUW1",429.0,420.0,"BOTTOM",1.584368307949E12
4.457820463E9,"DUO_CARRY",13.0,"EUW1",429.0,420.0,"BOTTOM",1.584365219532E12
4.456175082E9,"DUO_CARRY",13.0,"EUW1",429.0,420.0,"BOTTOM",1.584285518058E12
4.455979807E9,"DUO_SUPPORT",13.0,"EUW1",429.0,420.0,"NONE",1.584284020011E12
4.380854297E9,"DUO_CARRY",13.0,"EUW1",21.0,420.0,"BOTTOM",1.579878582193E12
4.380689167E9,"SOLO",13.0,"EUW1",21.0,420.0,"BOTTOM",1.579872259822E12
4.380695757E9,"SOLO",13.0,"EUW1",18.0,420.0,"TOP",1.579870535309E12
4.38069217E9,"DUO_CARRY",13.0,"EUW1",21.0,420.0,"BOTTOM",1.579868476194E12
4.3787761E9,"DUO_CARRY",13.0,"EUW1",134.0,420.0,"BOTTOM",1.579738788855E12
4.378791149E9,"DUO_CARRY",13.0,"EUW1",134.0,420.0,"BOTTOM",1.579735975978E12
4.378685985E9,"DUO_CARRY",13.0,"EUW1",21.0,420.0,"BOTTOM",1.579733263948E12
4.378652726E9,"DUO_SUPPORT",13.0,"EUW1",134.0,420.0,"NONE",1.579731672324E12
4.378497617E9,"NONE",13.0,"EUW1",21.0,420.0,"JUNGLE",1.579727080039E12
4.376259763E9,"DUO_CARRY",13.0,"EUW1",21.0,420.0,"BOTTOM",1.579619735054E12
4.376178708E9,"DUO_CARRY",13.0,"EUW1",21.0,420.0,"BOTTOM",1.579614691471E12
4.376174356E9,"DUO_CARRY",13.0,"EUW1",51.0,420.0,"BOTTOM",1.579612270958E12
4.376152382E9,"DUO_SUPPORT",13.0,"EUW1",134.0,420.0,"NONE",1.57961069965E12
4.375743294E9,"DUO_CARRY",13.0,"EUW1",21.0,420.0,"BOTTOM",1.579558485494E12
4.375014754E9,"DUO_CARRY",13.0,"EUW1",51.0,420.0,"BOTTOM",1.579534260314E12
4.374972357E9,"DUO",13.0,"EUW1",51.0,420.0,"NONE",1.579532886339E12
4.374888169E9,"DUO_SUPPORT",13.0,"EUW1",21.0,420.0,"NONE",1.579530991709E12
4.374892804E9,"DUO_CARRY",13.0,"EUW1",134.0,420.0,"BOTTOM",1.579528508404E12
4.374818214E9,"DUO_CARRY",13.0,"EUW1",18.0,420.0,"BOTTOM",1.579526046457E12
4.373407861E9,"DUO_CARRY",13.0,"EUW1",51.0,420.0,"BOTTOM",1.579452830953E12
4.373098464E9,"DUO_SUPPORT",13.0,"EUW1",134.0,420.0,"NONE",1.579444686495E12
4.373047023E9,"DUO_CARRY",13.0,"EUW1",21.0,420.0,"BOTTOM",1.579441221069E12
4.373050695E9,"SOLO",13.0,"EUW1",134.0,420.0,"MID",1.579439175973E12
4.37293518E9,"DUO_CARRY",13.0,"EUW1",134.0,420.0,"BOTTOM",1.579437079932E12
4.371814144E9,"DUO_CARRY",13.0,"EUW1",134.0,420.0,"BOTTOM",1.579370386089E12
4.371651685E9,"DUO",13.0,"EUW1",134.0,420.0,"NONE",1.57936369579E12
4.371541991E9,"DUO_CARRY",13.0,"EUW1",21.0,420.0,"BOTTOM",1.579360710278E12
4.371385697E9,"DUO",13.0,"EUW1",21.0,420.0,"TOP",1.579355766001E12
4.371347056E9,"DUO_CARRY",13.0,"EUW1",21.0,420.0,"BOTTOM",1.579352956312E12
4.364647373E9,"DUO_CARRY",13.0,"EUW1",134.0,420.0,"BOTTOM",1.579008931017E12
4.363537025E9,"NONE",13.0,"EUW1",18.0,420.0,"JUNGLE",1.57893703133E12
4.36311676E9,"SOLO",13.0,"EUW1",18.0,420.0,"BOTTOM",1.578923126205E12
4.363124047E9,"DUO",13.0,"EUW1",18.0,420.0,"NONE",1.578921434076E12
4.363120786E9,"DUO_CARRY",13.0,"EUW1",18.0,420.0,"BOTTOM",1.578919139099E12
4.356127991E9,"DUO_SUPPORT",13.0,"EUW1",21.0,420.0,"NONE",1.578491510036E12
4.353665303E9,"DUO_SUPPORT",13.0,"EUW1",134.0,420.0,"NONE",1.578335782017E12
4.353442769E9,"DUO_CARRY",13.0,"EUW1",21.0,420.0,"BOTTOM",1.578322240187E12
4.35330817E9,"DUO",13.0,"EUW1",21.0,420.0,"NONE",1.57831867622E12
4.353283696E9,"DUO_CARRY",13.0,"EUW1",51.0,420.0,"BOTTOM",1.578314726588E12
4.353228676E9,"DUO_CARRY",13.0,"EUW1",51.0,420.0,"BOTTOM",1.578312447033E12
4.350905076E9,"SOLO",13.0,"EUW1",69.0,420.0,"TOP",1.578163993104E12
4.350755751E9,"DUO_CARRY",13.0,"EUW1",134.0,420.0,"BOTTOM",1.578156480081E12
4.350586915E9,"DUO_CARRY",13.0,"EUW1",134.0,420.0,"BOTTOM",1.578151857876E12
4.350538018E9,"SOLO",13.0,"EUW1",145.0,420.0,"BOTTOM",1.578148978903E12
4.348940344E9,"DUO_SUPPORT",13.0,"EUW1",81.0,920.0,"NONE",1.578063834841E12
4.348800742E9,"SOLO",13.0,"EUW1",134.0,420.0,"BOTTOM",1.578053459209E12
4.346554443E9,"DUO_SUPPORT",13.0,"EUW1",134.0,920.0,"NONE",1.577908159966E12
4.346476828E9,"DUO_SUPPORT",13.0,"EUW1",21.0,420.0,"NONE",1.577905492458E12
4.345294697E9,"DUO_CARRY",13.0,"EUW1",134.0,420.0,"BOTTOM",1.577800352984E12
4.343667983E9,"DUO_SUPPORT",13.0,"EUW1",21.0,420.0,"NONE",1.577713283007E12
4.342030963E9,"DUO_CARRY",13.0,"EUW1",134.0,420.0,"BOTTOM",1.577622289597E12
4.342014045E9,"DUO_CARRY",13.0,"EUW1",134.0,420.0,"BOTTOM",1.577619001926E12
4.341294334E9,"DUO_SUPPORT",13.0,"EUW1",498.0,420.0,"NONE",1.577557959242E12
4.34125199E9,"DUO_SUPPORT",13.0,"EUW1",51.0,420.0,"NONE",1.577556662757E12
4.341129626E9,"DUO_CARRY",13.0,"EUW1",134.0,420.0,"BOTTOM",1.57755163391E12
4.341113571E9,"DUO_CARRY",13.0,"EUW1",235.0,420.0,"BOTTOM",1.577549073107E12
4.341041437E9,"DUO_SUPPORT",13.0,"EUW1",134.0,420.0,"NONE",1.57754776969E12
4.340919155E9,"DUO_SUPPORT",13.0,"EUW1",498.0,420.0,"NONE",1.577542588589E12
4.340943164E9,"DUO_CARRY",13.0,"EUW1",134.0,420.0,"BOTTOM",1.577539951114E12
4.340265782E9,"DUO_CARRY",13.0,"EUW1",21.0,420.0,"BOTTOM",1.577481184855E12
4.339521207E9,"DUO_CARRY",13.0,"EUW1",498.0,420.0,"BOTTOM",1.577462546454E12
4.339474728E9,"DUO_CARRY",13.0,"EUW1",134.0,420.0,"BOTTOM",1.57745986439E12
4.339323657E9,"DUO_CARRY",13.0,"EUW1",21.0,420.0,"BOTTOM",1.57744962374E12
4.339281065E9,"DUO_CARRY",13.0,"EUW1",235.0,420.0,"BOTTOM",1.577447369149E12
4.338390115E9,"DUO_CARRY",13.0,"EUW1",21.0,420.0,"BOTTOM",1.577380371996E12
4.338265387E9,"DUO_SUPPORT",13.0,"EUW1",81.0,420.0,"NONE",1.577373525234E12
4.338250609E9,"DUO_CARRY",13.0,"EUW1",134.0,420.0,"BOTTOM",1.577371183673E12
4.338232638E9,"DUO_CARRY",13.0,"EUW1",134.0,420.0,"BOTTOM",1.577367814697E12
4.338180695E9,"DUO_CARRY",13.0,"EUW1",69.0,420.0,"BOTTOM",1.577366103149E12
4.338144254E9,"SOLO",13.0,"EUW1",69.0,420.0,"TOP",1.577362870631E12
4.336891081E9,"DUO_SUPPORT",13.0,"EUW1",134.0,450.0,"NONE",1.577287232272E12
4.336097293E9,"DUO_CARRY",13.0,"EUW1",21.0,420.0,"BOTTOM",1.577215678788E12
4.336172147E9,"SOLO",13.0,"EUW1",69.0,420.0,"MID",1.577213440463E12
4.336029136E9,"DUO_CARRY",13.0,"EUW1",21.0,420.0,"BOTTOM",1.577210718346E12
4.336075052E9,"DUO_CARRY",13.0,"EUW1",21.0,420.0,"BOTTOM",1.577208703976E12
4.336041966E9,"DUO_CARRY",13.0,"EUW1",134.0,420.0,"BOTTOM",1.57720653594E12
4.335967782E9,"DUO_CARRY",13.0,"EUW1",21.0,420.0,"BOTTOM",1.577204306929E12
4.335869407E9,"DUO_CARRY",13.0,"EUW1",81.0,420.0,"BOTTOM",1.577200170783E12
4.335863795E9,"DUO_CARRY",13.0,"EUW1",134.0,420.0,"BOTTOM",1.577197477722E12
4.335799839E9,"DUO_CARRY",13.0,"EUW1",69.0,420.0,"BOTTOM",1.577195561974E12
4.335746416E9,"DUO_CARRY",13.0,"EUW1",21.0,420.0,"BOTTOM",1.577193582579E12
4.334510809E9,"DUO_SUPPORT",13.0,"EUW1",134.0,420.0,"NONE",1.577120755005E12
4.334272306E9,"DUO_CARRY",13.0,"EUW1",235.0,420.0,"BOTTOM",1.577108051669E12
4.3341194E9,"DUO_CARRY",13.0,"EUW1",235.0,420.0,"BOTTOM",1.577105733997E12
4.334173998E9,"DUO_CARRY",13.0,"EUW1",235.0,420.0,"BOTTOM",1.577103258702E12
4.33352518E9,"DUO_SUPPORT",13.0,"EUW1",134.0,420.0,"NONE",1.577046003082E12
4.333478315E9,"DUO_CARRY",13.0,"EUW1",498.0,420.0,"BOTTOM",1.577043834589E12
4.333443019E9,"DUO_CARRY",13.0,"EUW1",21.0,420.0,"BOTTOM",1.577041560956E12
4.333364767E9,"DUO",13.0,"EUW1",498.0,420.0,"TOP",1.577038626555E12
4.333259909E9,"DUO_CARRY",13.0,"EUW1",134.0,420.0,"BOTTOM",1.577036560969E12
4.333244091E9,"DUO",13.0,"EUW1",134.0,420.0,"BOTTOM",1.57703425017E12
4.33303871E9,"SOLO",13.0,"EUW1",498.0,420.0,"BOTTOM",1.577028186138E12
4.460332709E9,"DUO_CARRY",13.0,"EUW1",523.0,400.0,"BOTTOM",1.584463081985E12
4.458667293E9,"DUO_CARRY",13.0,"EUW1",523.0,400.0,"BOTTOM",1.584385742258E12
4.458570141E9,"NONE",13.0,"EUW1",121.0,400.0,"JUNGLE",1.584383684914E12
4.457813389E9,"NONE",13.0,"EUW1",107.0,400.0,"JUNGLE",1.584366308772E12
4.457089298E9,"NONE",13.0,"EUW1",429.0,400.0,"JUNGLE",1.584313459239E12
4.454463374E9,"NONE",13.0,"EUW1",102.0,400.0,"JUNGLE",1.584210264256E12
4.454433682E9,"SOLO",13.0,"EUW1",39.0,400.0,"TOP",1.584207583899E12
4.454345048E9,"DUO_SUPPORT",13.0,"EUW1",350.0,420.0,"BOTTOM",1.584205015014E12
4.454188445E9,"DUO_SUPPORT",13.0,"EUW1",235.0,420.0,"BOTTOM",1.58420294936E12
4.453421486E9,"DUO_SUPPORT",13.0,"EUW1",136.0,450.0,"MID",1.58418256376E12
4.453298653E9,"DUO_SUPPORT",13.0,"EUW1",80.0,450.0,"NONE",1.584180741928E12
4.452669991E9,"DUO_SUPPORT",13.0,"EUW1",117.0,450.0,"MID",1.584131703861E12
4.452399105E9,"DUO_SUPPORT",13.0,"EUW1",350.0,440.0,"BOTTOM",1.584122048139E12
4.45135823E9,"DUO_SUPPORT",13.0,"EUW1",68.0,450.0,"NONE",1.584051893479E12
4.451433509E9,"DUO_SUPPORT",13.0,"EUW1",51.0,450.0,"NONE",1.584050439354E12
4.451064312E9,"SOLO",13.0,"EUW1",12.0,420.0,"BOTTOM",1.58404743799E12
4.450570417E9,"DUO_SUPPORT",13.0,"EUW1",517.0,450.0,"NONE",1.584029346993E12
4.450442525E9,"DUO_SUPPORT",13.0,"EUW1",350.0,420.0,"NONE",1.584021552362E12
4.4503369E9,"DUO_SUPPORT",13.0,"EUW1",40.0,420.0,"BOTTOM",1.58401834262E12
4.449751644E9,"DUO_SUPPORT",13.0,"EUW1",350.0,420.0,"BOTTOM",1.58395618568E12
4.449594807E9,"NONE",13.0,"EUW1",20.0,420.0,"JUNGLE",1.58395367982E12
4.449551422E9,"DUO_SUPPORT",13.0,"EUW1",350.0,420.0,"BOTTOM",1.58394890622E12
4.449361814E9,"DUO_SUPPORT",13.0,"EUW1",350.0,420.0,"BOTTOM",1.583940913132E12
4.44824746E9,"DUO_SUPPORT",13.0,"EUW1",350.0,420.0,"BOTTOM",1.583876170201E12
4.448311385E9,"DUO_SUPPORT",13.0,"EUW1",12.0,420.0,"NONE",1.58387456497E12
4.448183048E9,"DUO_SUPPORT",13.0,"EUW1",350.0,420.0,"BOTTOM",1.583871570362E12
4.447764586E9,"DUO_SUPPORT",13.0,"EUW1",350.0,420.0,"NONE",1.583853468691E12
4.447658977E9,"DUO_SUPPORT",13.0,"EUW1",43.0,420.0,"BOTTOM",1.583850593224E12
4.447615518E9,"DUO_CARRY",13.0,"EUW1",21.0,420.0,"BOTTOM",1.583848474401E12
4.447520283E9,"DUO_SUPPORT",13.0,"EUW1",497.0,420.0,"BOTTOM",1.583844986496E12
4.447594891E9,"DUO_CARRY",13.0,"EUW1",115.0,420.0,"BOTTOM",1.583842441386E12
4.446841346E9,"DUO_SUPPORT",13.0,"EUW1",350.0,420.0,"BOTTOM",1.5837777684E12
4.446695869E9,"DUO_SUPPORT",13.0,"EUW1",43.0,420.0,"BOTTOM",1.58377544435E12
4.446475936E9,"DUO_SUPPORT",13.0,"EUW1",350.0,420.0,"BOTTOM",1.583771356394E12
4.445643204E9,"DUO_SUPPORT",13.0,"EUW1",497.0,420.0,"BOTTOM",1.58370441023E12
4.445535213E9,"DUO_SUPPORT",13.0,"EUW1",350.0,420.0,"MID",1.583701420525E12
4.445314297E9,"DUO",13.0,"EUW1",74.0,450.0,"NONE",1.583691309129E12
4.445239907E9,"DUO_SUPPORT",13.0,"EUW1",102.0,450.0,"NONE",1.583689930294E12
4.44515832E9,"DUO_SUPPORT",13.0,"EUW1",350.0,420.0,"BOTTOM",1.583686277682E12
4.444765381E9,"SOLO",13.0,"EUW1",350.0,420.0,"BOTTOM",1.583670585687E12
4.444234562E9,"DUO_SUPPORT",13.0,"EUW1",51.0,450.0,"TOP",1.583618614527E12
4.444174869E9,"DUO_SUPPORT",13.0,"EUW1",106.0,450.0,"NONE",1.583615484657E12
4.444044424E9,"DUO_SUPPORT",13.0,"EUW1",432.0,440.0,"MID",1.583611685644E12
4.444000848E9,"DUO_SUPPORT",13.0,"EUW1",350.0,440.0,"BOTTOM",1.583610063706E12
4.443627446E9,"DUO_SUPPORT",13.0,"EUW1",117.0,450.0,"NONE",1.583608690061E12
4.443624315E9,"DUO_SUPPORT",13.0,"EUW1",112.0,450.0,"NONE",1.583607429041E12
4.443681095E9,"DUO_SUPPORT",13.0,"EUW1",202.0,450.0,"NONE",1.583606361595E12
4.443450934E9,"NONE",13.0,"EUW1",113.0,420.0,"JUNGLE",1.58359866998E12
4.443208327E9,"NONE",13.0,"EUW1",30.0,420.0,"JUNGLE",1.583593606188E12
4.443223371E9,"DUO_SUPPORT",13.0,"EUW1",350.0,420.0,"NONE",1.583591842721E12
4.443014045E9,"DUO_SUPPORT",13.0,"EUW1",350.0,420.0,"BOTTOM",1.583583470115E12
4.44300794E9,"DUO_SUPPORT",13.0,"EUW1",350.0,420.0,"BOTTOM",1.583580998091E12
4.442632662E9,"DUO",13.0,"EUW1",516.0,420.0,"MID",1.583535292928E12
4.4422012E9,"DUO_SUPPORT",13.0,"EUW1",350.0,420.0,"BOTTOM",1.583520155526E12
4.442116963E9,"DUO_SUPPORT",13.0,"EUW1",350.0,420.0,"BOTTOM",1.583518465473E12
4.442141183E9,"DUO_SUPPORT",13.0,"EUW1",350.0,420.0,"BOTTOM",1.583516425535E12
4.442086578E9,"NONE",13.0,"EUW1",113.0,420.0,"JUNGLE",1.583514702763E12
4.439901473E9,"DUO_SUPPORT",13.0,"EUW1",350.0,420.0,"NONE",1.583360604624E12
4.439830742E9,"SOLO",13.0,"EUW1",115.0,420.0,"MID",1.583356552815E12
4.439583578E9,"DUO_CARRY",13.0,"EUW1",523.0,420.0,"BOTTOM",1.583347016832E12
4.439447739E9,"DUO_SUPPORT",13.0,"EUW1",350.0,420.0,"BOTTOM",1.583344672655E12
4.438473838E9,"DUO",13.0,"EUW1",30.0,450.0,"TOP",1.583282564785E12
4.438391214E9,"SOLO",13.0,"EUW1",115.0,420.0,"MID",1.583274923611E12
4.438315235E9,"SOLO",13.0,"EUW1",350.0,420.0,"BOTTOM",1.583272494829E12
4.438047162E9,"DUO_SUPPORT",13.0,"EUW1",43.0,420.0,"BOTTOM",1.583262735694E12
4.437058191E9,"DUO_SUPPORT",13.0,"EUW1",350.0,420.0,"BOTTOM",1.583181168324E12
4.436910827E9,"DUO_CARRY",13.0,"EUW1",223.0,420.0,"BOTTOM",1.583174823552E12
4.436815417E9,"DUO_SUPPORT",13.0,"EUW1",53.0,420.0,"BOTTOM",1.583172640994E12
4.436448338E9,"DUO_SUPPORT",13.0,"EUW1",350.0,420.0,"BOTTOM",1.583160643609E12
4.436237125E9,"DUO_SUPPORT",13.0,"EUW1",350.0,420.0,"BOTTOM",1.583155638222E12
4.436155682E9,"DUO_SUPPORT",13.0,"EUW1",350.0,420.0,"BOTTOM",1.583153089768E12
4.436125414E9,"DUO",13.0,"EUW1",350.0,420.0,"NONE",1.583152492244E12
4.436161007E9,"DUO_SUPPORT",13.0,"EUW1",350.0,420.0,"BOTTOM",1.583149869946E12
4.435647319E9,"DUO_SUPPORT",13.0,"EUW1",350.0,400.0,"BOTTOM",1.583098541678E12
4.435381171E9,"SOLO",13.0,"EUW1",40.0,420.0,"MID",1.583086641149E12
4.435314818E9,"DUO_SUPPORT",13.0,"EUW1",43.0,420.0,"BOTTOM",1.58308473858E12
4.435207269E9,"DUO_SUPPORT",13.0,"EUW1",223.0,420.0,"BOTTOM",1.583081934039E12
4.435200929E9,"SOLO",13.0,"EUW1",350.0,420.0,"BOTTOM",1.583079811496E12
4.435104194E9,"DUO_SUPPORT",13.0,"EUW1",350.0,420.0,"BOTTOM",1.583077471181E12
4.43506835E9,"DUO_SUPPORT",13.0,"EUW1",350.0,420.0,"BOTTOM",1.583075890278E12
4.43504396E9,"DUO_CARRY",13.0,"EUW1",44.0,420.0,"BOTTOM",1.583074100845E12
4.434929058E9,"DUO_CARRY",13.0,"EUW1",223.0,420.0,"BOTTOM",1.583072023251E12
4.43492444E9,"DUO_SUPPORT",13.0,"EUW1",44.0,420.0,"MID",1.583070214746E12
4.434908187E9,"DUO_SUPPORT",13.0,"EUW1",350.0,420.0,"BOTTOM",1.583068637114E12
4.434484311E9,"DUO_SUPPORT",13.0,"EUW1",350.0,420.0,"BOTTOM",1.583022591636E12
4.434403047E9,"DUO_CARRY",13.0,"EUW1",523.0,400.0,"BOTTOM",1.583017083129E12
4.434166211E9,"DUO_SUPPORT",13.0,"EUW1",64.0,400.0,"NONE",1.583007800509E12
4.434170761E9,"DUO_SUPPORT",13.0,"EUW1",114.0,450.0,"NONE",1.583005886352E12
4.434051462E9,"DUO_CARRY",13.0,"EUW1",523.0,400.0,"BOTTOM",1.583002582638E12
4.433635632E9,"DUO",13.0,"EUW1",81.0,450.0,"MID",1.58300011668E12
4.433537877E9,"DUO_CARRY",13.0,"EUW1",523.0,400.0,"BOTTOM",1.582997208618E12
4.433513639E9,"DUO_SUPPORT",13.0,"EUW1",43.0,420.0,"BOTTOM",1.582995363094E12
4.433158304E9,"DUO_SUPPORT",13.0,"EUW1",266.0,450.0,"NONE",1.582981341041E12
4.432488349E9,"DUO",13.0,"EUW1",517.0,400.0,"TOP",1.58292476705E12
4.432473768E9,"DUO_SUPPORT",13.0,"EUW1",350.0,420.0,"BOTTOM",1.582920780983E12
4.432402054E9,"DUO_SUPPORT",13.0,"EUW1",350.0,420.0,"BOTTOM",1.582919027474E12
4.432375479E9,"DUO_SUPPORT",13.0,"EUW1",350.0,420.0,"BOTTOM",1.582916901685E12
4.432259255E9,"DUO_SUPPORT",13.0,"EUW1",350.0,420.0,"BOTTOM",1.582914014549E12
4.432291453E9,"DUO_CARRY",13.0,"EUW1",223.0,420.0,"BOTTOM",1.582911956156E12
4.431048066E9,"DUO_SUPPORT",13.0,"EUW1",235.0,400.0,"BOTTOM",1.582838493136E12
